{
  "template-version": "2.0",
  "source-locations": [
    {
      "source-id": "s3-source",
      "source-type": "s3",
      "properties": {
        "s3-bucket": "m2-replatform-batch-scheduler",
        "s3-key-prefix": "v1"
      }
    }
  ],
  "definition": {
    "listeners": [
      {
        "port": 6001,
        "type": "tn3270"
      }
    ],
    "dataset-location": {
      "db-locations": [
        {
          "name": "Database1",
          "secret-manager-arn": "arn:aws:secretsmanager:us-east-1:455910873648:secret:bankdemo-94rejV"
        }
      ]
    },
    "batch-settings": {
      "initiators": [
        {
          "classes": [
            "A",
            "B"
          ],
          "description": "initiator_AB...."
        },
        {
          "classes": [
            "C",
            "D"
          ],
          "description": "initiator_CD...."
        }
      ],
      "jcl-file-location": "${s3-source}/jcls"
    }
  }
}